teencode,frequency
ạ,10665
học,6687
để,1974
làm,1714
mà,1645
ko,1542
các,1504
chị,1409
cần,1349
mn,1331
tìm,1286
cảm,1277
dạ,1264
k,1195
chỉ,1165
phí,914
thể,910
còn,899
gì,882
nhận,865
đã,844
về,842
lớp,815
bị,808
tập,767
kì,759
đề,758
một,745
từ,742
sự,722
sẽ,702
đóng,674
đến,639
thực,609
đc,604
ký,597
tốt,593
kh,591
tự,581
mở,557
nữ,555
hệ,555
lịch,539
hết,531
kí,519
nhóm,516
cách,513
nhà,487
hạn,486
v,481
bằng,478
sách,474
cả,461
sv,456
tế,450
tính,447
phần,446
gần,441
bình,440
số,438
lý,425
mng,420
ý,414
trợ,400
định,387
nhất,385
lúc,382
vì,380
cùng,379
trị,377
c,377
hỗ,374
khác,374
hình,362
nộp,362
thế,354
đủ,352
vẫn,352
kỳ,345
động,338
thức,336
đồ,331
sát,324
sáng,322
chỗ,320
hành,320
b,317
dễ,317
ảnh,314
sở,312
ngữ,310
kết,308
dụng,301
bản,300
vs,300
ghép,299
đồng,299
chọn,298
nghỉ,295
xét,294
chủ,292
mất,289
nhé,288
r,277
hợp,275
đúng,269
tín,267
hàng,264
kế,261
vụ,258
khó,258
t,257
hè,256
thứ,249
đợt,246
trọ,244
lạnh,244
sắp,243
thẻ,243
lần,243
bắt,242
nó,240
dự,236
tầm,230
đk,229
ng,228
lắm,227
nhật,226
dc,220
đánh,218
review,216
n,214
á,212
bộ,209
án,205
vấn,203
tớ,203
kịp,202
lễ,198
từng,195
nhặt,195
ứng,191
thị,190
thật,190
tình,189
hồ,188
kỹ,185
ít,184
ngọc,181
trả,181
rớt,179
pháp,176
sử,176
tặng,172
cấp,172
nghệ,169
tủ,169
b1,166
ổn,165
thất,164
xã,164
cmt,161
m,161
bóng,161
tích,160
zalo,160
dành,157
hộ,154
chứ,154
đrl,154
phạm,152
tổ,152
h,148
lực,147
đọc,147
size,146
sợ,145
trí,145
gặp,144
trần,144
đáp,141
nhập,141
nhìn,140
mục,139
cứ,136
dẫn,136
gấp,135
hcm,135
tổng,135
đẹp,134
đức,134
phát,133
chức,133
chí,132
lòng,131
khá,131
nè,130
chút,130
lập,129
thủ,129
sẻ,129
bổ,128
chất,128
dữ,127
bếp,127
cộng,127
bàn,126
độ,125
mặt,125
lỡ,124
chúc,122
bổng,122
d,121
gk,121
hc,120
tất,117
đá,117
dịch,117
chắc,117
nghĩ,116
z,115
kèm,115
l,114
đạt,113
đ,112
bè,112
nhỏ,112
sớm,112
nhớ,110
đặc,109
phục,109
hả,108
vực,108
tết,108
bỏ,107
đình,107
càng,107
trở,107
kính,107
vệ,106
cập,106
sẵn,105
ktx,105
dục,104
rèn,103
ch,103
lớn,103
hồng,103
dùng,102
hk,101
lí,101
clb,101
nhắn,101
mắc,100
chụp,99
s,99
cá,98
cs,97
trắc,97
cũ,96
mã,96
gồm,95
trực,95
sức,95
sản,94
xác,94
trễ,93
vĩ,93
thử,93
góp,93
mặc,93
gv,92
vọng,91
cntt,91
bạ,90
rẻ,88
vũ,88
phú,87
hp,87
rút,87
phúc,87
rõ,86
ktct,85
tầng,85
tục,84
nh,84
hàn,83
đừng,83
p,83
mắt,83
sống,83
phép,82
phản,82
lạc,82
tác,82
mỹ,81
hà,81
ví,81
thắc,80
đỡ,80
áp,80
nhờ,79
đặt,79
bn,79
phụ,78
bt,77
nhỉ,77
th,77
chú,77
xếp,77
dọn,76
tp,76
vẻ,76
vị,76
phút,75
mác,74
rộng,74
bất,74
dạng,74
chờ,73
web,73
100k,72
trừ,71
đh,71
trg,71
ánh,71
cực,71
gốc,70
võ,70
kĩ,68
đích,68
hk2,67
qs,67
họ,67
tử,67
ntn,67
mức,67
tờ,66
vn,65
chấm,65
2b,65
dùm,64
j,64
í,64
sạch,64
khả,64
cảnh,64
wifi,64
mật,64
tl,62
bảng,62
word,61
nóng,61
dù,61
phù,60
sổ,60
trận,60
mạnh,60
đáng,60
hk1,59
vòng,59
cám,59
tóc,58
bận,58
cổng,58
kệ,58
cố,58
cử,58
mắn,58
5p,57
đảng,57
mừng,57
mk,56
nghề,56
ghé,56
tn,56
đhqg,56
www,55
à,55
xử,54
cỡ,54
nạp,54
món,54
sĩ,54
phẩm,53
bà,53
tạ,53
kt,53
đgnl,53
hk3,52
xúc,52
ngủ,52
mún,52
đứng,52
nckh,52
thần,51
vé,51
tí,51
cụ,50
thúc,50
trc,50
bồ,50
ck,50
bé,49
nhắc,49
hạnh,49
cấm,49
x,48
mát,48
nón,48
gác,47
mẹ,47
nệm,47
nhẹ,47
gọn,47
nợ,46
viewform,46
đổ,46
vắng,46
bù,45
lh,45
khám,45
cầm,45
qp,45
rằng,45
trúc,44
sđt,44
rv,44
cận,44
20k,44
chữ,44
tr,44
mạng,44
bún,44
phố,44
qtkd,43
thấp,43
ké,43
thpt,43
g,42
tt,42
td,42
gdtc,42
vàng,42
lệ,42
sạc,42
đỗ,42
k25,42
dám,41
túc,41
lạ,41
2k8,41
đón,40
rác,40
lộ,40
cạnh,40
thả,40
phá,40
30k,39
rcm,39
gr,39
nắng,39
drl,39
hẹn,39
nlkt,38
phủ,38
dụ,38
2tr,38
cccd,38
xl,38
thú,38
tkb,38
trò,37
ích,37
trà,37
đặng,37
bóp,37
tạm,37
dh,37
wc,37
lĩnh,37
pldc,36
gò,36
vận,36
độc,36
m1,36
cn,35
tận,35
ngắn,35
đảm,35
hầm,35
sàng,35
vấp,34
dòng,34
q,34
tùng,34
k51,34
1b,33
trẻ,33
mềm,33
vật,33
chốt,33
nhầm,33
ràng,33
khắc,33
nnt,33
thập,33
hm,33
world,33
1tr5,32
kể,32
k22,32
25k,32
rủ,32
cục,32
k21,32
hóc,32
cọc,31
tĩnh,31
plđc,31
hạ,31
chợ,31
lẽ,31
nhằm,31
bò,31
nv,31
đất,31
bàng,31
sdt,30
dựng,30
bấm,30
chế,30
lm,30
new,30
t4,30
dgnl,30
chấp,30
10p,30
000đ,29
hok,29
bọn,29
vẽ,29
thí,29
vnđ,29
10k,29
gắn,29
ế,29
ft,29
3tc,28
đẳng,28
chả,28
fb,28
mến,28
tú,28
khht,28
k31,28
t6,27
t7,27
tb,27
bí,27
15k,27
sắc,27
1tr3,27
nằm,27
vùng,27
mkt,26
lắng,26
nhaaa,26
kẹt,26
trọn,26
q6,26
nt,26
cx,26
clc,26
bố,26
ổ,26
đỏ,26
lọc,26
ph,26
1tr2,26
chắn,26
khxh,26
nhạc,25
cnxh,25
kím,25
cf,25
ạaaa,25
50k,25
200k,25
cà,25
bích,25
khí,25
ấn,25
t2,25
mạch,25
lms,25
tố,25
dk,24
mssv,24
bách,24
ơiii,24
tấn,24
xá,24
sz,24
chở,24
tỉnh,24
dắt,24
đỉnh,24
chậm,24
vớiii,23
cv,23
bác,23
rảnh,23
chán,23
150k,23
nhá,23
nặng,23
chx,23
rì,23
ngờ,23
lộc,23
dị,23
ồn,23
nổ,23
ẩn,23
hb,23
4k,23
tức,23
tỏ,23
b2,23
mệt,23
vững,23
q1,23
dính,22
1tr6,22
tấm,22
chổ,22
sk,22
móc,22
bạch,22
tốn,22
xịn,22
gdqp,22
đèn,22
kdqt,22
lũ,22
gỡ,22
gòn,22
gắng,22
dịp,22
cắm,22
3p,22
vốn,21
qr,21
chót,21
ní,21
kém,21
5k,21
ghế,21
hộp,21
bật,21
k49,21
sp,21
khúc,21
kỷ,21
mtl,21
zl,20
hát,20
3tr,20
1tr1,20
dũng,20
f,20
17h,20
35k,20
ngã,20
thẩm,20
view,20
hấp,20
dàng,20
lẫn,20
bền,20
đt,20
cặp,20
ms,20
nụ,20
cẩm,20
d2,20
500k,20
bùng,20
hằng,20
bờ,20
bút,20
tốc,20
btc,20
mì,20
workshop,20
cắt,19
gđ,19
nghị,19
sg,19
12h,19
cổ,19
nn,19
lành,19
dần,19
hđ,19
mò,19
svh,19
vvt,19
2tr5,18
dẻ,18
bệnh,18
c1,18
sóc,18
lận,18
kwh,18
t3,18
hỏng,18
40k,18
đà,18
hẳn,18
nắm,18
ức,18
2tr3,18
9h,17
ktvm,17
đột,17
5tr,17
chục,17
sảnh,17
1h,17
hsk,17
k20,17
gọng,17
cđ,17
nền,17
tảng,17
hs,17
k23,17
hề,17
vb2,17
ét,17
k24,17
tttn,16
t5,16
tệ,16
6h,16
rl,16
tắt,16
nọ,16
8h,16
300k,16
kv,16
cẩn,16
cb,16
bạc,16
đồn,16
trạm,16
tsv,16
rỡ,16
gtvt,16
lá,16
hứng,16
trữ,16
q7,16
hạt,15
q10,15
tc,15
lặng,15
7h,15
tứ,15
khổ,15
lầm,15
gg,15
bậc,15
hùng,15
thạc,15
gcn,15
gà,15
csth,15
ớt,15
p25,15
thọ,14
lục,14
writing,14
nhở,14
hẻm,14
bnh,14
bớt,14
ộ,14
đằng,14
3km,14
lkd,14
cờ,14
tcnh,14
1tr7,14
website,14
củ,14
2xl,14
mụn,14
trụ,14
gỗ,14
tò,14
ngỡ,14
nb,14
bó,14
db2,14
lsđ,13
mảng,13
kltn,13
ngọt,13
ủng,13
dừng,13
cú,13
vẹn,13
ấm,13
1tr8,13
1m,13
mộc,13
dặn,13
tk,13
lụm,13
rãnh,13
chạm,13
thầm,13
sót,13
1tr,13
rực,13
kb,13
cánh,13
lộn,13
mốt,13
sóng,13
bức,13
sốc,13
húp,13
tdt,13
cmnd,13
rèm,13
xế,13
acj,12
tật,12
nhì,12
gl,12
tách,12
kn,12
10h,12
nbt,12
màn,12
follow,12
thận,12
đg,12
lẻ,12
hút,12
nạn,12
gs25,12
đạp,12
gàng,12
70k,12
c2,12
tắc,12
thậm,12
đậm,12
cfs,12
nhắm,12
bỉ,12
dáng,12
kín,12
lít,12
bộc,12
3h,12
4xl,12
gvhd,12
hk2b,12
dép,12
xèng,12
brazil,12
30m,12
ả,12
ị,12
ắt,12
bth,11
xh,11
bh,11
chép,11
16h,11
q3,11
7h30,11
gìn,11
tạp,11
phốt,11
ráng,11
3tr5,11
rành,11
7p,11
nch,11
tỷ,11
nvd,11
rw,11
cứng,11
ác,11
vldc,11
cột,11
nhịp,11
lẹ,11
hạng,11
ghệ,11
5h,11
ạh,11
dí,11
tụng,11
tròn,11
đàng,11
hồn,11
thèm,11
2k7,11
vạn,11
bỡ,11
talkshow,11
nhấn,11
q8,11
ất,11
tcc,11
tinz,11
win,11
ttnn,10
azota,10
2pn,10
rần,10
vở,10
lề,10
trì,10
trộm,10
bắc,10
mí,10
1ng,10
kỉ,10
ht,10
2tr8,10
xách,10
đống,10
hh,10
bả,10
mìn,10
kd,10
bắn,10
5km,10
đựng,10
vd,10
thịt,10
rổ,10
chấn,10
nhựt,10
ngập,10
đàn,10
nản,10
nn2,10
3xl,10
d5,10
d14,10
tỉ,10
rộn,10
ạn,10
35m2,10
ợ,10
vhvn,9
mb,9
nx,9
phán,9
nhaaaa,9
ppt,9
bụng,9
sạn,9
ốc,9
vớiiii,9
vũng,9
chặn,9
ppl,9
2k5,9
thở,9
mộng,9
bv,9
lét,9
kttc,9
ts,9
ds,9
đụng,9
cj,9
80k,9
cúp,9
xì,9
c00,9
2h,9
nc,9
60k,9
ngắm,9
mờ,9
ct,9
lật,9
ép,9
hóng,9
nk,9
ctsv,9
cốt,9
ngũ,9
thù,9
bực,9
lọt,9
sv5t,9
hộc,9
đtb,9
km,9
6p,9
ệ,9
họp,8
cvht,8
zô,8
bám,8
q11,8
pltt,8
hg,8
13h,8
phấn,8
vựng,8
q5,8
trệt,8
ạaaaa,8
2tr7,8
qt,8
nd,8
ẩm,8
mỏng,8
kg,8
45k,8
cc,8
hán,8
chết,8
3b,8
chén,8
nì,8
mực,8
lệch,8
bỗng,8
dv,8
3k5,8
hssv,8
zậy,8
k48,8
pt,8
tán,8
newbie,8
vv,8
chần,8
tóm,8
mảnh,8
cắp,8
khát,8
ú,8
qhqt,8
vĩnh,8
vỡ,8
nở,8
ó,8
iii,8
nhó,8
xứng,8
sàn,8
sánh,8
đám,8
kíp,8
xả,8
mt,8
hđrl,8
project,8
phận,8
b4,8
job,8
sốt,8
ọc,8
tả,8
vc,8
phức,8
x2,8
wsu,8
ngàn,8
db,8
lụt,8
tét,8
x1,8
rạng,8
hẹ,7
dn,7
dl,7
bốn,7
mẻ,7
21h,7
tồn,7
stk,7
hụt,7
qhcc,7
120k,7
má,7
kdc,7
20m,7
250k,7
4tr,7
lsd,7
d01,7
xí,7
lỗ,7
nltk,7
tần,7
tcc2,7
pk,7
phổ,7
k17,7
hàm,7
thảm,7
fpt,7
spkt,7
làng,7
dán,7
nvs,7
ngỏ,7
2ng,7
gắm,7
chùm,7
1c,7
hsk3,7
1km,7
taekwondo,7
lùn,7
19h,7
4tr5,7
oiii,7
mù,7
mắm,7
sl,7
vặt,7
dẹp,7
lữ,7
5đ,7
kịch,7
trú,7
nồng,7
k50,7
vờ,7
nv1,7
chs,7
bg,7
ốm,7
chọc,7
khắp,7
bến,7
xám,7
hsg,7
5xl,7
thề,7
d15,7
ths,7
b3,7
ờ,7
ề,7
pd1,7
vnd,7
p24,7
9p,7
cs3,7
5tr2,7
àng,7
csgt,7
99k,7
ự,7
memoriii,7
tmđt,6
nốt,6
nhả,6
qtks,6
đàm,6
q12,6
nấm,6
30m2,6
nhàn,6
chdv,6
pr,6
hổ,6
2km,6
đếm,6
kcn,6
cát,6
thg,6
sd,6
vỏ,6
khờ,6
mũ,6
ạk,6
tcdn,6
lắc,6
cất,6
0đ,6
spss,6
3tr3,6
hận,6
ặ,6
chật,6
qth,6
dì,6
bhx,6
lq,6
mồ,6
nàng,6
lắp,6
dth,6
bùn,6
mập,6
lãnh,6
tràn,6
ỏ,6
úng,6
sỹ,6
gánh,6
gt,6
đkí,6
lạt,6
dở,6
kích,6
zị,6
chớ,6
c3,6
ẻm,6
jet,6
ngán,6
hđnk,6
ttnt,6
zới,6
k29,6
nhãn,6
lì,6
d04,6
phạt,6
show,6
sắm,6
mùng,6
chè,6
bắp,6
kq,6
wales,6
10m,6
60m,6
90m,6
88k,6
úc,6
ỉ,6
hỡ,6
cn1,6
ụ,6
49k,6
ận,6
ngh,6
ổng,6
ốt,6
bít,5
powerpoint,5
3k,5
10đ,5
2tc,5
join,5
tống,5
kdtm,5
pp,5
30p,5
cúng,5
11h,5
15p,5
ctv,5
_,5
pv,5
mv,5
ktr,5
kkk,5
90k,5
n1,5
ghét,5
tý,5
3k8,5
nắp,5
dể,5
nháp,5
xịt,5
chặt,5
4km,5
1tr4,5
m8,5
đắt,5
hcmc,5
lính,5
3ng,5
tháp,5
k47,5
phẫn,5
4tr2,5
4tr3,5
nàooo,5
thắt,5
té,5
đập,5
ks,5
óc,5
pl,5
nỗ,5
nề,5
chó,5
bk,5
khóc,5
dồn,5
sw,5
ẵm,5
mầm,5
chìm,5
bề,5
nhạt,5
18h,5
chịn,5
2f,5
hò,5
đhct,5
phím,5
vt,5
đền,5
tắm,5
bọc,5
dè,5
tlh,5
hãng,5
nẵng,5
ls,5
bíc,5
cs2,5
thợ,5
chì,5
mét,5
1m8,5
ớ,5
nc5,5
đstt,5
nhí,5
bốc,5
kkht,5
trật,5
nc2,5
4tr6,5
csb,5
pd2,5
đắk,5
lắk,5
23h,5
w,5
20h,5
3d,5
投资,5
hf888,5
địch,5
138k,5
thụ,5
mvjg,5
ạt,5
ẻ,5
ực,5
ể,5
ắc,5
t12,4
mtp,4
xhh,4
2g,4
2tr2,4
8k,4
mqh,4
pdf,4
nhìuuu,4
hẹp,4
nít,4
180k,4
k26,4
knm,4
qá,4
9h30,4
wed,4
nvl,4
hẻ,4
đpt,4
pccc,4
óng,4
dốt,4
stt,4
kk,4
15h,4
cở,4
ừ,4
mồm,4
tht,4
vỗ,4
110k,4
5h30,4
chèn,4
súng,4
zai,4
20p,4
75k,4
ơiiii,4
130k,4
cntp,4
60kg,4
nén,4
dò,4
vẹt,4
glvv,4
ắ,4
mr,4
q9,4
4h,4
400m,4
tm,4
thục,4
dĩ,4
4ng,4
8tr,4
j4f,4
típ,4
sập,4
tìn,4
gắt,4
tg,4
nút,4
6tc,4
1k,4
mớ,4
vh,4
nhẫn,4
gõ,4
rẽ,4
ngó,4
ỡ,4
tịch,4
lhp,4
dớiii,4
lùng,4
bá,4
cán,4
lén,4
cản,4
ạaaaaa,4
php,4
rạp,4
24h,4
hổng,4
thốn,4
phó,4
cm,4
vớ,4
trầm,4
sh,4
tks,4
xót,4
tàng,4
gvcn,4
cr,4
đính,4
rồiii,4
ngộp,4
svg,4
lãm,4
rách,4
k30,4
q4,4
hú,4
nnh,4
shcd,4
tím,4
hr,4
nhiềuuu,4
csvh,4
cụp,4
tbn,4
mệnh,4
cắn,4
lp,4
tốp,4
vỏn,4
vhvl,4
nheee,4
600k,4
dàn,4
lò,4
thản,4
úp,4
tđt,4
tùm,4
hớn,4
34k,4
đbp,4
nvqs,4
cụm,4
nghè,4
ẹ,4
núc,4
phác,4
əv,4
t11,4
thác,4
ám,4
160k,4
2tr1,4
framework,4
topaz,4
đkmh,4
ấp,4
7k,4
hở,4
svtb,4
law268,4
59tr,4
7tr,4
游戏,4
免费内容,4
免费图像,4
真实数据,4
bđn,4
rập,4
h1,4
suarez,4
2m5,4
gh,4
shdk,4
trộn,4
cành,4
ử,4
ần,4
cn2,4
cn3,4
ố,4
199k,4
ầm,4
ĩ,4
ục,4
mms,4
junmin,4
ã,4
àm,4
ạch,4
bbq,4
ntc4mtiwnjq2yq,4
át,4
rán,4
ùm,4
ém,4
ắng,4
qc,3
mg,3
vợ,3
ways,3
500m,3
bctt,3
mnn,3
ngộ,3
1pn,3
đầm,3
4tr8,3
gộp,3
sx,3
sảng,3
tdtt,3
1vé,3
gdtt,3
gth,3
sờ,3
mh,3
nhã,3
tà,3
cũm,3
1đ,3
aaa,3
dethw,3
m7,3
đkhp,3
tụ,3
lú,3
còng,3
4kn,3
thíc,3
tóp,3
bd,3
mtr,3
nvb,3
pvc,3
nhennn,3
nhìuuuu,3
2c,3
aiii,3
welcome,3
m75,3
bctc,3
bát,3
39k,3
tvt,3
vớt,3
bịch,3
mxh,3
thứ2,3
18k,3
m3,3
sọc,3
ủ,3
2tr4,3
ngần,3
ff,3
mè,3
nhể,3
dề,3
bể,3
mền,3
cạm,3
ps,3
đx,3
sốp,3
vợt,3
gpt,3
gạch,3
taaa,3
dợ,3
tv,3
winmart,3
nhộn,3
honggg,3
55kg,3
sít,3
rịt,3
zay,3
ptb,3
tịnh,3
9tc,3
ttcs,3
mngg,3
đặn,3
vss,3
ziên,3
hemmm,3
vỹ,3
andrew,3
sếp,3
ngực,3
mọc,3
cỏ,3
khẽ,3
m6,3
10tr,3
cg,3
nhứt,3
mỉm,3
xstk,3
mạc,3
nls,3
thà,3
22h,3
tthl,3
bừng,3
nhị,3
bệ,3
vàn,3
ốp,3
nv2,3
lãng,3
cạn,3
jack,3
tpdc,3
bs,3
bc,3
vlvh,3
lgbt,3
now,3
vết,3
ngột,3
4p,3
xắn,3
cữ,3
sứ,3
why,3
tụt,3
bcs,3
wave,3
sn,3
ktgk,3
ống,3
thỏ,3
tộc,3
càn,3
né,3
hd,3
tq,3
n2,3
mẫn,3
lửng,3
hít,3
nm,3
sgk,3
quáaaa,3
llms,3
2k9,3
nhét,3
đành,3
4g,3
5g,3
vạch,3
lát,3
xộn,3
t04,3
hòm,3
đít,3
dọc,3
vịt,3
bhtn,3
củng,3
vạt,3
khtt,3
bỉnh,3
ơnnnn,3
lsvm,3
cqt,3
c214,3
lvl,3
chưaaaa,3
nhủ,3
ktmt,3
hót,3
10km,3
đtđb,3
rén,3
ỷ,3
nc4,3
c104,3
nộ,3
é,3
kbt,3
gvnn,3
with,3
csvc,3
dtdb,3
tmqt,3
t8,3
pd,3
mộ,3
ơnnn,3
wenn,3
julian,3
3tr8,3
jeans,3
lkqt,3
azairgp8qiaecof,3
w55chzy3bb,3
khẩn,3
drs,3
hkg,3
ụp,3
______________,3
fl,3
rà,3
mondelez,3
2wc,3
kthp,3
1h30,3
rừng,3
db1,3
nxb,3
3tr6,3
dạn,3
2k1,3
ntt,3
mạn,3
tngt,3
qp1,3
đắn,3
đán,3
xứ,3
mẽ,3
cảng,3
p11,3
900m,3
p12,3
6tr,3
電報,3
招聘,3
wc2022,3
worldcup2022,3
ữ,3
hk1b,3
nghễ,3
ộng,3
wow,3
sành,3
kề,3
làn,3
khế,3
ởn,3
ình,3
ách,3
zemi,3
ặng,3
nawat,3
ật,3
ạm,3
ạc,3
ằn,3
9k,3
giveaway,3
ắp,3
cốm,3
ặt,3
ạnh,3
sọt,3
wonderland,3
vr,3
